-- ============================================================
-- 센터 (6개 - 해양 생물 이름)
-- ============================================================
INSERT INTO centers (name, address, phone, is_active, created_at, updated_at) VALUES
('고등어 스포츠센터', '성남시 분당구 정자일로 10', '031-111-1111', TRUE, NOW(), NOW()),
('돌고래 체육센터',   '성남시 수정구 수정로 20',   '031-222-2222', TRUE, NOW(), NOW()),
('참치 스포츠센터',   '성남시 중원구 성남대로 30', '031-333-3333', TRUE, NOW(), NOW()),
('오징어 스포츠센터', '성남시 분당구 황새울로 40', '031-444-4444', TRUE, NOW(), NOW()),
('상어 스포츠센터',   '성남시 수정구 탄천로 50',   '031-555-5555', TRUE, NOW(), NOW()),
('문어 체육센터',     '성남시 중원구 금광로 60',   '031-666-6666', TRUE, NOW(), NOW());

-- ============================================================
-- 카테고리 (6개 - 대분류)
-- ============================================================
INSERT INTO categories (name, description, is_active, display_order, created_at, updated_at) VALUES
('수영',      '수영 관련 강좌',       TRUE, 1, NOW(), NOW()),
('아쿠아로빅', '수중 유산소 운동',    TRUE, 2, NOW(), NOW()),
('필라테스',   '코어 강화 운동',      TRUE, 3, NOW(), NOW()),
('배드민턴',   '라켓 스포츠',         TRUE, 4, NOW(), NOW()),
('헬스',       '근력 및 유산소 운동', TRUE, 5, NOW(), NOW()),
('요가',       '유연성 및 명상 운동', TRUE, 6, NOW(), NOW());

-- ============================================================
-- 강좌 (총 90개)
-- center_id: 1=고등어, 2=돌고래, 3=참치, 4=오징어, 5=상어, 6=문어
-- category_id: 1=수영, 2=아쿠아로빅, 3=필라테스, 4=배드민턴, 5=헬스, 6=요가
-- ============================================================

-- [고등어 스포츠센터] 수영 성인/청소년 (6)
INSERT INTO courses (center_id, center_name, category_id, name, weekdays, time_slot, target_audience, current_capacity, max_capacity, price, instructor, level, status, created_at, updated_at) VALUES
(1,'고등어 스포츠센터',1,'성인수영','월,화,목,금',  '06:00-07:00','성인/청소년',0,20,48000,'김하늘','초급','ACTIVE',NOW(),NOW()),
(1,'고등어 스포츠센터',1,'성인수영','월,화,수,목,금','06:00-07:00','성인/청소년',0,20,54000,'김하늘','초급','ACTIVE',NOW(),NOW()),
(1,'고등어 스포츠센터',1,'성인수영','월,화,목,금',  '07:00-08:00','성인/청소년',0,20,48000,'이바다','중급','ACTIVE',NOW(),NOW()),
(1,'고등어 스포츠센터',1,'성인수영','월,화,수,목,금','07:00-08:00','성인/청소년',0,20,54000,'이바다','중급','ACTIVE',NOW(),NOW()),
(1,'고등어 스포츠센터',1,'성인수영','월,화,목,금',  '08:00-09:00','성인/청소년',0,15,48000,'박수연','고급','ACTIVE',NOW(),NOW()),
(1,'고등어 스포츠센터',1,'성인수영','월,화,수,목,금','08:00-09:00','성인/청소년',0,15,54000,'박수연','고급','ACTIVE',NOW(),NOW()),
-- [고등어 스포츠센터] 수영 어린이 (6)
(1,'고등어 스포츠센터',1,'어린이수영','화,목',    '16:00-17:00','어린이',0,12,21000,'최지수','초급','ACTIVE',NOW(),NOW()),
(1,'고등어 스포츠센터',1,'어린이수영','월,수,금',  '16:00-17:00','어린이',0,12,31000,'최지수','초급','ACTIVE',NOW(),NOW()),
(1,'고등어 스포츠센터',1,'어린이수영','화,목',    '17:00-18:00','어린이',0,12,21000,'정유나','중급','ACTIVE',NOW(),NOW()),
(1,'고등어 스포츠센터',1,'어린이수영','월,수,금',  '17:00-18:00','어린이',0,12,31000,'정유나','중급','ACTIVE',NOW(),NOW()),
(1,'고등어 스포츠센터',1,'어린이수영','화,목',    '18:00-19:00','어린이',0,10,21000,'윤성민','고급','ACTIVE',NOW(),NOW()),
(1,'고등어 스포츠센터',1,'어린이수영','월,수,금',  '18:00-19:00','어린이',0,10,31000,'윤성민','고급','ACTIVE',NOW(),NOW()),
-- [고등어 스포츠센터] 기타 (3)
(1,'고등어 스포츠센터',2,'아쿠아로빅','화,목',  '10:00-11:00','성인',0,20, 90000,'한미래','초급','ACTIVE',NOW(),NOW()),
(1,'고등어 스포츠센터',2,'아쿠아로빅','월,수,금','10:00-11:00','성인',0,20,100000,'한미래','중급','ACTIVE',NOW(),NOW()),
(1,'고등어 스포츠센터',3,'필라테스',  '화,목',  '11:00-12:00','성인',0,10,120000,'오세연','초급','ACTIVE',NOW(),NOW()),

-- [돌고래 체육센터] 수영 성인/청소년 (6)
(2,'돌고래 체육센터',1,'성인수영','월,화,목,금',  '06:30-07:30','성인/청소년',0,20,48000,'조현우','초급','ACTIVE',NOW(),NOW()),
(2,'돌고래 체육센터',1,'성인수영','월,화,수,목,금','06:30-07:30','성인/청소년',0,20,54000,'조현우','초급','ACTIVE',NOW(),NOW()),
(2,'돌고래 체육센터',1,'성인수영','월,화,목,금',  '07:30-08:30','성인/청소년',0,20,48000,'황지은','중급','ACTIVE',NOW(),NOW()),
(2,'돌고래 체육센터',1,'성인수영','월,화,수,목,금','07:30-08:30','성인/청소년',0,20,54000,'황지은','중급','ACTIVE',NOW(),NOW()),
(2,'돌고래 체육센터',1,'성인수영','월,화,목,금',  '08:30-09:30','성인/청소년',0,15,48000,'안세영','고급','ACTIVE',NOW(),NOW()),
(2,'돌고래 체육센터',1,'성인수영','월,화,수,목,금','08:30-09:30','성인/청소년',0,15,54000,'안세영','고급','ACTIVE',NOW(),NOW()),
-- [돌고래 체육센터] 수영 어린이 (6)
(2,'돌고래 체육센터',1,'어린이수영','화,목',    '15:30-16:30','어린이',0,12,21000,'전민지','초급','ACTIVE',NOW(),NOW()),
(2,'돌고래 체육센터',1,'어린이수영','월,수,금',  '15:30-16:30','어린이',0,12,31000,'전민지','초급','ACTIVE',NOW(),NOW()),
(2,'돌고래 체육센터',1,'어린이수영','화,목',    '16:30-17:30','어린이',0,12,21000,'신예진','중급','ACTIVE',NOW(),NOW()),
(2,'돌고래 체육센터',1,'어린이수영','월,수,금',  '16:30-17:30','어린이',0,12,31000,'신예진','중급','ACTIVE',NOW(),NOW()),
(2,'돌고래 체육센터',1,'어린이수영','화,목',    '17:30-18:30','어린이',0,10,21000,'류민서','고급','ACTIVE',NOW(),NOW()),
(2,'돌고래 체육센터',1,'어린이수영','월,수,금',  '17:30-18:30','어린이',0,10,31000,'류민서','고급','ACTIVE',NOW(),NOW()),
-- [돌고래 체육센터] 기타 (3)
(2,'돌고래 체육센터',4,'배드민턴','토,일',  '10:00-12:00','성인',0,24,60000,'유재석','초급','ACTIVE',NOW(),NOW()),
(2,'돌고래 체육센터',4,'배드민턴','화,목',  '19:00-21:00','성인',0,24,70000,'유재석','중급','ACTIVE',NOW(),NOW()),
(2,'돌고래 체육센터',5,'헬스',    '월,화,수,목,금','07:00-08:00','성인',0,15,80000,'박명수','초급','ACTIVE',NOW(),NOW()),

-- [참치 스포츠센터] 수영 성인/청소년 (6)
(3,'참치 스포츠센터',1,'성인수영','월,화,목,금',  '07:00-08:00','성인/청소년',0,20,48000,'서지원','초급','ACTIVE',NOW(),NOW()),
(3,'참치 스포츠센터',1,'성인수영','월,화,수,목,금','07:00-08:00','성인/청소년',0,20,54000,'서지원','초급','ACTIVE',NOW(),NOW()),
(3,'참치 스포츠센터',1,'성인수영','월,화,목,금',  '08:00-09:00','성인/청소년',0,20,48000,'권나영','중급','ACTIVE',NOW(),NOW()),
(3,'참치 스포츠센터',1,'성인수영','월,화,수,목,금','08:00-09:00','성인/청소년',0,20,54000,'권나영','중급','ACTIVE',NOW(),NOW()),
(3,'참치 스포츠센터',1,'성인수영','월,화,목,금',  '09:00-10:00','성인/청소년',0,15,48000,'장수아','고급','ACTIVE',NOW(),NOW()),
(3,'참치 스포츠센터',1,'성인수영','월,화,수,목,금','09:00-10:00','성인/청소년',0,15,54000,'장수아','고급','ACTIVE',NOW(),NOW()),
-- [참치 스포츠센터] 수영 어린이 (6)
(3,'참치 스포츠센터',1,'어린이수영','화,목',    '15:00-16:00','어린이',0,12,21000,'백지혜','초급','ACTIVE',NOW(),NOW()),
(3,'참치 스포츠센터',1,'어린이수영','월,수,금',  '15:00-16:00','어린이',0,12,31000,'백지혜','초급','ACTIVE',NOW(),NOW()),
(3,'참치 스포츠센터',1,'어린이수영','화,목',    '16:00-17:00','어린이',0,12,21000,'노은서','중급','ACTIVE',NOW(),NOW()),
(3,'참치 스포츠센터',1,'어린이수영','월,수,금',  '16:00-17:00','어린이',0,12,31000,'노은서','중급','ACTIVE',NOW(),NOW()),
(3,'참치 스포츠센터',1,'어린이수영','화,목',    '17:00-18:00','어린이',0,10,21000,'문소희','고급','ACTIVE',NOW(),NOW()),
(3,'참치 스포츠센터',1,'어린이수영','월,수,금',  '17:00-18:00','어린이',0,10,31000,'문소희','고급','ACTIVE',NOW(),NOW()),
-- [참치 스포츠센터] 기타 (3)
(3,'참치 스포츠센터',3,'필라테스','화,목',  '11:00-12:00','성인',0,10,120000,'홍길동','초급','ACTIVE',NOW(),NOW()),
(3,'참치 스포츠센터',3,'필라테스','월,수',  '19:00-20:00','성인',0,10,150000,'홍길동','중급','ACTIVE',NOW(),NOW()),
(3,'참치 스포츠센터',6,'요가',    '화,목,금','11:00-12:00','성인',0,15, 80000,'임도현','초급','ACTIVE',NOW(),NOW()),

-- [오징어 스포츠센터] 수영 성인/청소년 (6)
(4,'오징어 스포츠센터',1,'성인수영','월,화,목,금',  '05:30-06:30','성인/청소년',0,20,48000,'강민준','초급','ACTIVE',NOW(),NOW()),
(4,'오징어 스포츠센터',1,'성인수영','월,화,수,목,금','05:30-06:30','성인/청소년',0,20,54000,'강민준','초급','ACTIVE',NOW(),NOW()),
(4,'오징어 스포츠센터',1,'성인수영','월,화,목,금',  '06:30-07:30','성인/청소년',0,20,48000,'이슬비','중급','ACTIVE',NOW(),NOW()),
(4,'오징어 스포츠센터',1,'성인수영','월,화,수,목,금','06:30-07:30','성인/청소년',0,20,54000,'이슬비','중급','ACTIVE',NOW(),NOW()),
(4,'오징어 스포츠센터',1,'성인수영','월,화,목,금',  '07:30-08:30','성인/청소년',0,15,48000,'조예진','고급','ACTIVE',NOW(),NOW()),
(4,'오징어 스포츠센터',1,'성인수영','월,화,수,목,금','07:30-08:30','성인/청소년',0,15,54000,'조예진','고급','ACTIVE',NOW(),NOW()),
-- [오징어 스포츠센터] 수영 어린이 (6)
(4,'오징어 스포츠센터',1,'어린이수영','화,목',    '16:00-17:00','어린이',0,12,21000,'김태양','초급','ACTIVE',NOW(),NOW()),
(4,'오징어 스포츠센터',1,'어린이수영','월,수,금',  '16:00-17:00','어린이',0,12,31000,'김태양','초급','ACTIVE',NOW(),NOW()),
(4,'오징어 스포츠센터',1,'어린이수영','화,목',    '17:00-18:00','어린이',0,12,21000,'최현수','중급','ACTIVE',NOW(),NOW()),
(4,'오징어 스포츠센터',1,'어린이수영','월,수,금',  '17:00-18:00','어린이',0,12,31000,'최현수','중급','ACTIVE',NOW(),NOW()),
(4,'오징어 스포츠센터',1,'어린이수영','화,목',    '18:00-19:00','어린이',0,10,21000,'박진수','고급','ACTIVE',NOW(),NOW()),
(4,'오징어 스포츠센터',1,'어린이수영','월,수,금',  '18:00-19:00','어린이',0,10,31000,'박진수','고급','ACTIVE',NOW(),NOW()),
-- [오징어 스포츠센터] 기타 (3)
(4,'오징어 스포츠센터',2,'아쿠아로빅','월,수,금','11:00-12:00','성인',0,20, 90000,'이민정','초급','ACTIVE',NOW(),NOW()),
(4,'오징어 스포츠센터',2,'아쿠아로빅','화,목',  '11:00-12:00','성인',0,20,110000,'이민정','고급','ACTIVE',NOW(),NOW()),
(4,'오징어 스포츠센터',5,'헬스',    '월,화,수,목,금','07:00-08:00','성인',0,15,80000,'황수연','초급','ACTIVE',NOW(),NOW()),

-- [상어 스포츠센터] 수영 성인/청소년 (6)
(5,'상어 스포츠센터',1,'성인수영','월,화,목,금',  '19:00-20:00','성인/청소년',0,20,48000,'신동욱','초급','ACTIVE',NOW(),NOW()),
(5,'상어 스포츠센터',1,'성인수영','월,화,수,목,금','19:00-20:00','성인/청소년',0,20,54000,'신동욱','초급','ACTIVE',NOW(),NOW()),
(5,'상어 스포츠센터',1,'성인수영','월,화,목,금',  '20:00-21:00','성인/청소년',0,20,48000,'김민서','중급','ACTIVE',NOW(),NOW()),
(5,'상어 스포츠센터',1,'성인수영','월,화,수,목,금','20:00-21:00','성인/청소년',0,20,54000,'김민서','중급','ACTIVE',NOW(),NOW()),
(5,'상어 스포츠센터',1,'성인수영','월,화,목,금',  '21:00-22:00','성인/청소년',0,15,48000,'박지성','고급','ACTIVE',NOW(),NOW()),
(5,'상어 스포츠센터',1,'성인수영','월,화,수,목,금','21:00-22:00','성인/청소년',0,15,54000,'박지성','고급','ACTIVE',NOW(),NOW()),
-- [상어 스포츠센터] 수영 어린이 (6)
(5,'상어 스포츠센터',1,'어린이수영','화,목',    '14:00-15:00','어린이',0,12,21000,'이하은','초급','ACTIVE',NOW(),NOW()),
(5,'상어 스포츠센터',1,'어린이수영','월,수,금',  '14:00-15:00','어린이',0,12,31000,'이하은','초급','ACTIVE',NOW(),NOW()),
(5,'상어 스포츠센터',1,'어린이수영','화,목',    '15:00-16:00','어린이',0,12,21000,'정수진','중급','ACTIVE',NOW(),NOW()),
(5,'상어 스포츠센터',1,'어린이수영','월,수,금',  '15:00-16:00','어린이',0,12,31000,'정수진','중급','ACTIVE',NOW(),NOW()),
(5,'상어 스포츠센터',1,'어린이수영','화,목',    '16:00-17:00','어린이',0,10,21000,'류준혁','고급','ACTIVE',NOW(),NOW()),
(5,'상어 스포츠센터',1,'어린이수영','월,수,금',  '16:00-17:00','어린이',0,10,31000,'류준혁','고급','ACTIVE',NOW(),NOW()),
-- [상어 스포츠센터] 기타 (3)
(5,'상어 스포츠센터',3,'필라테스','화,목',  '20:00-21:00','성인',0,10,180000,'오민준','고급','ACTIVE',NOW(),NOW()),
(5,'상어 스포츠센터',6,'요가',    '월,수,금','09:00-10:00','성인',0,15, 80000,'최수빈','초급','ACTIVE',NOW(),NOW()),
(5,'상어 스포츠센터',6,'요가',    '화,목',  '10:00-11:00','성인',0,15,100000,'최수빈','중급','ACTIVE',NOW(),NOW()),

-- [문어 체육센터] 수영 성인/청소년 (6)
(6,'문어 체육센터',1,'성인수영','월,화,목,금',  '06:00-07:00','성인/청소년',0,20,48000,'이준호','초급','ACTIVE',NOW(),NOW()),
(6,'문어 체육센터',1,'성인수영','월,화,수,목,금','06:00-07:00','성인/청소년',0,20,54000,'이준호','초급','ACTIVE',NOW(),NOW()),
(6,'문어 체육센터',1,'성인수영','월,화,목,금',  '08:00-09:00','성인/청소년',0,20,48000,'박소연','중급','ACTIVE',NOW(),NOW()),
(6,'문어 체육센터',1,'성인수영','월,화,수,목,금','08:00-09:00','성인/청소년',0,20,54000,'박소연','중급','ACTIVE',NOW(),NOW()),
(6,'문어 체육센터',1,'성인수영','월,화,목,금',  '09:00-10:00','성인/청소년',0,15,48000,'김지현','고급','ACTIVE',NOW(),NOW()),
(6,'문어 체육센터',1,'성인수영','월,화,수,목,금','09:00-10:00','성인/청소년',0,15,54000,'김지현','고급','ACTIVE',NOW(),NOW()),
-- [문어 체육센터] 수영 어린이 (6)
(6,'문어 체육센터',1,'어린이수영','화,목',    '16:00-17:00','어린이',0,12,21000,'정민아','초급','ACTIVE',NOW(),NOW()),
(6,'문어 체육센터',1,'어린이수영','월,수,금',  '16:00-17:00','어린이',0,12,31000,'정민아','초급','ACTIVE',NOW(),NOW()),
(6,'문어 체육센터',1,'어린이수영','화,목',    '17:00-18:00','어린이',0,12,21000,'한솔',  '중급','ACTIVE',NOW(),NOW()),
(6,'문어 체육센터',1,'어린이수영','월,수,금',  '17:00-18:00','어린이',0,12,31000,'한솔',  '중급','ACTIVE',NOW(),NOW()),
(6,'문어 체육센터',1,'어린이수영','화,목',    '18:00-19:00','어린이',0,10,21000,'윤지우','고급','ACTIVE',NOW(),NOW()),
(6,'문어 체육센터',1,'어린이수영','월,수,금',  '18:00-19:00','어린이',0,10,31000,'윤지우','고급','ACTIVE',NOW(),NOW()),
-- [문어 체육센터] 기타 (3)
(6,'문어 체육센터',2,'아쿠아로빅','월,수,금','10:00-11:00','성인',0,20, 90000,'홍민준','초급','ACTIVE',NOW(),NOW()),
(6,'문어 체육센터',4,'배드민턴',  '화,목',  '19:00-21:00','성인',0,24, 70000,'강서연','중급','ACTIVE',NOW(),NOW()),
(6,'문어 체육센터',6,'요가',      '월,수,금','11:00-12:00','성인',0,15, 80000,'홍민준','초급','ACTIVE',NOW(),NOW());
